k,inertia,silhouette_score
1,600,0
2,223.732,0.580184
3,141.154,0.46215
4,114.682,0.387247
5,91.1373,0.345973
6,82.1369,0.347246
7,73.0195,0.339952
8,69.4467,0.344793
